NAME,SEX,FOLD EXPRESSION VAT BCL6,HOMA-R,AVAT CELL SIZE (Abdominal Visceral),Visceral Fat (in cm Sq.) MRI,Subcutaneous fat (in cm Sq.) MRI,Liver % fat signal intensity MRI,ASAT CELL SIZE (Abdominal Subcutaneous ),MR VAT/MRSAT,VAT AREA/VAT CELL SIZE,SAT AREA/SAT CELL SIZE,WAIST,BMI,MRVAT/MRSAT SIZE CORRECTED,VATSIZE/SATSIZE,GROUP
Yusuf Ali,Male,0.098073012,2.881185185,9844.8988,,,,5613.6135,,,,94,19.95935549,,1.753754297,1
Ramavtar,Male,0.228457863,7.08,10996.44975,95.81,84.25,5.69,4790.66225,1.137210682,8.71281206,17.58629509,78,15.75575085,0.495431927,2.295392406,1
Sharda Devi,Female,0.26061644,4.071111111,6499.8175,249.99,205.59,10.578,10315.976,1.215963811,38.46107987,19.9292825,110,27.05515088,1.9298778,0.630072957,1
Vishwanath,Male,0.283220971,0.92637037,9470.58772,105.421,87.142,3.131,8452.64618,1.20976108,11.13141054,10.30943425,86,22.98539751,1.079730495,1.120428741,0
Puspha Rani,Female,0.283220971,1.621333333,19017.0255,81.4037,337.6,9.467,31844.94133,0.241124704,4.280569535,10.60136982,102,23.14725512,0.403775135,0.597175712,0
Kalpana,Female,0.444421341,0.171654321,15877.0755,299.16,178.82,14.845,22155.2452,1.67296723,18.84226097,8.071226402,104,22.86236854,2.334497886,0.716628291,0
Parwati,Female,0.586417475,1.261432099,18904.10225,158.54,83.41,12.542,28139.155,1.900731327,8.386539488,2.964197041,112,30.625,2.829278678,0.671807744,1
Anokhi Devi,Female,0.812252396,1.112493827,11379.445,183.85,157.98,5.293,5090.4942,1.163754906,16.15632397,31.0343149,92,23.06805075,0.520595477,2.235430305,0
Malti Devi,Female,0.972654947,0.431259259,15670.3228,134.112,116.314,7.722,10520.708,1.153016834,8.558343163,11.05571982,94,23.63403301,0.77410999,1.489474168,0
