NAME,SEX,FOLD EXPRESSION VAT BCL6,HOMA-R,AVAT CELL SIZE (Abdominal Visceral),Visceral Fat (in cm Sq.) MRI,Subcutaneous fat (in cm Sq.) MRI,Liver % fat signal intensity MRI,ASAT CELL SIZE (Abdominal Subcutaneous ),MR VAT/MRSAT,VAT AREA/VAT CELL SIZE,SAT AREA/SAT CELL SIZE,WAIST,BMI,MRVAT/MRSAT SIZE CORRECTED,VATSIZE/SATSIZE,GROUP
Chetram,Male,2.770218936,13.45422222,17154.291,188.67,136.76,9.652,11564.5145,1.37957005,10.99841433,11.82583151,92,22.22906193,0.930033065,1.483355916,1
Shankuntla Devi,Female,2.808889751,1.045333333,17467.7415,232.148,389.2,19.52,29371.177,0.59647482,13.29009821,13.25108626,96,14.84375,1.002944057,0.594723919,0
Jamil Ahmed,Male,3.095129987,3.415234568,4683.2566,144.234,182.41,7.119,4565.72325,0.790713228,30.79779998,39.95204922,78,16.16161616,0.770869094,1.025742548,1
Saroj Devi,Female,3.706352248,0.497580247,12550.3015,92.16,76.54,5.474,15349.455,1.2040763,7.343249881,4.986496263,92,28.44095498,1.47262717,0.817638248,0
Bhupan,Male,3.837056477,4.730197531,16643.7315,149.65,99.49,7.634,9997.23175,1.504171273,8.991373118,9.951754895,101,14.69237833,0.903496239,1.664834018,1
Shalu,Female,5.063026376,1.293259259,14866.87675,71.302,64.78,4.196,28832.6665,1.100679222,4.796030881,2.246757163,88,25.10387812,2.134645862,0.515626148,0
B.D.Gupta,Male,6.147500725,3.747555556,14084.3758,112.53,262.72,11.313,18066.90325,0.428326736,7.98970445,14.541507,96,15.75575085,0.549441296,0.779567788,1
Maya,Female,6.588728138,0.633728395,17221.0225,,,,17158.6954,,,,83,20.54569362,,1.003632392,0
Chittarmal,Male,6.727171322,1.104,9805.8884,42.934,46.885,6.832,8239.616,0.915729978,4.378389621,5.690192358,81,17.75568182,0.769462497,1.190090461,0
