NAME,SEX,FOLD EXPRESSION VAT BCL6,HOMA-R,AVAT CELL SIZE (Abdominal Visceral),Visceral Fat (in cm Sq.) MRI,Subcutaneous fat (in cm Sq.) MRI,Liver % fat signal intensity MRI,ASAT CELL SIZE (Abdominal Subcutaneous ),MR VAT/MRSAT,VAT AREA/VAT CELL SIZE,SAT AREA/SAT CELL SIZE,WAIST,BMI,MRVAT/MRSAT SIZE CORRECTED,VATSIZE/SATSIZE,GROUP
Motiya,Female,32.2225776,4.054888889,8890.797667,151.79,94.203,16.364,7360.1396,1.611307496,17.07270885,12.79907789,98,34.13111342,1.333901473,1.207965901,1
Takir bun nisha,Female,38.05462768,0.532493827,30635.022,105.808,219.19,5.094,14517.2412,0.482722752,3.453824841,15.09859876,88,24.55775234,0.228751349,2.110250948,0
Chandri Devi,Female,66.71780869,7.400691358,12019.98875,154.358,135.42,5.744,20092.655,1.139846404,12.84177575,6.739776301,88,28.06894434,1.905371213,0.598227997,1
Seema Devi,Female,149.0858991,1.429037037,9452.1328,132.614,94.047,4.466,17122.86125,1.410082193,14.03006102,5.492481579,85,23.30905307,2.554412031,0.552018302,0
Prabhu,Male,390.7223575,0.579061728,6825.09575,161.089,70.24,9.307,8494.805,2.293408314,23.60245276,8.268582975,92,21.2585034,2.854473714,0.803443487,0
Urmila,Female,445.7218884,2.266271605,10595.123,252.117,218.27,10.211,7922.622889,1.155069409,23.79557085,27.55021955,108,31.1634349,,1.33732517,1
